PS_SUPPKEY,0.761422
S_ADDRESS,0.765484
S_COMMENT,0.771733
S_NAME,0.762677
