liveinthishouse1yearago,0.9941304817312754
migrationcodechangeinmsa,0.6678572252154029
migrationprevresinsunbelt,0.9660839562138557
