migrationcodechangeinmsa,0.7578925252267867
migrationcodechangeinreg,0.7567558323732638
taxfilerstat,0.6660974772807567
