countryofbirthfather,0.6747712041912923
countryofbirthmother,0.6918981025327692
countryofbirthself,0.6591176786469678
hispanicorigin,0.6305911079542038
liveinthishouse1yearago,1.0000000000000002
migrationcodechangeinmsa,0.6726493871742246
migrationcodechangeinreg,0.9009522180816727
migrationcodemovewithinreg,0.9953890750506256
regionofpreviousresidence,0.700073128834303
