detailedhouseholdandfamilystat,0.8817958586551026
detailedhouseholdsummaryinhousehold,0.9454691562630988
detailedindustryrecode,0.7894514963348207
detailedoccupationrecode,0.6854523506322258
familymembersunder18,0.7240256444883976
majorindustrycode,0.9594422198016613
majoroccupationcode,0.9519688217746045
maritalstat,0.6772398225953021
migrationcodechangeinmsa,0.7320943617660927
migrationcodemovewithinreg,0.7193468258667048
taxfilerstat,0.7679500563727822
