countryofbirthfather,0.7201386752331584
countryofbirthmother,0.7224054211951203
hispanicorigin,0.65426561779079
memberofalaborunion,0.6405096044587326
veteransbenefits,0.6150034663040158
