detailedhouseholdandfamilystat,0.8679423102662351
detailedhouseholdsummaryinhousehold,0.9545105694017993
detailedindustryrecode,0.7987135915836409
detailedoccupationrecode,0.6918840824944918
familymembersunder18,0.737512202272325
majorindustrycode,0.9579792654957332
majoroccupationcode,0.9499083101342907
taxfilerstat,0.6638919280808833
