liveinthishouse1yearago,0.9957993544841656
migrationcodechangeinmsa,0.7930735010221415
regionofpreviousresidence,0.99925527094688
taxfilerstat,0.6463309199092068
