detailedhouseholdandfamilystat,0.8579484804799645
detailedhouseholdsummaryinhousehold,0.9729220785307335
hispanicorigin,0.6399905787632054
maritalstat,0.6492864983929955
taxfilerstat,0.706165445385198
