detailedindustryrecode,0.740498713215301
majorindustrycode,0.9717606796155797
majoroccupationcode,0.9511197462975527
