liveinthishouse1yearago,1.0000000000000002
migrationcodechangeinreg,0.8008571286658372
migrationcodemovewithinreg,0.7649854872416453
