detailedhouseholdandfamilystat,0.8445424208525038
detailedhouseholdsummaryinhousehold,0.9159425718205186
detailedindustryrecode,0.8032199064085936
detailedoccupationrecode,0.6924465516311027
enrollineduinstlastwk,0.6465679058149701
familymembersunder18,0.7171799440222181
majorindustrycode,0.9553452875752103
majoroccupationcode,0.9505651033680631
migrationcodechangeinreg,0.8748080752231457
migrationcodemovewithinreg,0.8641874023407182
taxfilerstat,0.6825395020958388
