detailedindustryrecode,0.7330908904772429
majorindustrycode,0.9979087041490996
