detailedindustryrecode,0.7551661221249493
liveinthishouse1yearago,0.9990926057470522
majorindustrycode,0.9731023163738142
migrationcodechangeinmsa,0.7706706917480894
migrationprevresinsunbelt,0.9688133933929086
regionofpreviousresidence,0.998944542996438
