detailedhouseholdandfamilystat,0.8596892815395172
detailedhouseholdsummaryinhousehold,0.9574338428591027
enrollineduinstlastwk,0.6102542269686109
familymembersunder18,0.7252229239243128
majoroccupationcode,0.9887893693437305
migrationcodechangeinmsa,0.7431279200311186
migrationcodechangeinreg,0.921852111798539
migrationcodemovewithinreg,0.9106541177254279
taxfilerstat,0.6591653672215492
