memberofalaborunion,0.6965359872770455
migrationcodechangeinmsa,0.753254616734902
migrationcodemovewithinreg,0.7423560983221487
