detailedindustryrecode,0.7687534026711437
detailedoccupationrecode,0.6056359258094733
liveinthishouse1yearago,0.9999255282180274
majorindustrycode,0.9867399852640422
majoroccupationcode,0.9842041857987519
migrationcodechangeinmsa,0.7841248925432179
migrationcodechangeinreg,0.9167466989634734
migrationcodemovewithinreg,0.905094416194959
