detailedindustryrecode,0.780359322306891
familymembersunder18,0.7648621158325676
majorindustrycode,0.9691638369751098
maritalstat,0.6966261230917425
migrationcodechangeinreg,0.9121083349263567
migrationcodemovewithinreg,0.899496834543853
taxfilerstat,0.727252360323895
