detailedhouseholdandfamilystat,0.8776389858484165
detailedhouseholdsummaryinhousehold,0.9875215368647733
detailedindustryrecode,0.7777287676631172
detailedoccupationrecode,0.6183463943044614
familymembersunder18,0.7681088714397389
majorindustrycode,0.9841469813135943
majoroccupationcode,0.983698907619657
taxfilerstat,0.6887698966632609
