detailedindustryrecode,0.7809420960210242
detailedoccupationrecode,0.6277197908384483
majorindustrycode,0.984486287026554
majoroccupationcode,0.9921129855294306
taxfilerstat,0.6472028187903315
