detailedindustryrecode,0.793096105185895
detailedoccupationrecode,0.6394637906762062
familymembersunder18,0.7178676499179543
majorindustrycode,0.9725901736532828
majoroccupationcode,0.9694098410645714
migrationcodechangeinmsa,0.7980130734661103
migrationcodemovewithinreg,0.7659000031738216
taxfilerstat,0.7024574890321851
