detailedindustryrecode,0.7699768139539965
majorindustrycode,0.9965818200562433
maritalstat,0.6318529311302552
taxfilerstat,0.7287422294412433
