liveinthishouse1yearago,1.0000000000000002
regionofpreviousresidence,0.9720243877581239
