detailedhouseholdandfamilystat,0.8650490485193658
detailedhouseholdsummaryinhousehold,0.9816428557179163
detailedindustryrecode,0.7801840482172447
detailedoccupationrecode,0.6125845955109523
familymembersunder18,0.7327438845373733
majorindustrycode,0.9764645698816667
majoroccupationcode,0.9841926010170986
migrationcodechangeinmsa,0.7914176232762874
migrationcodemovewithinreg,0.7615691555633445
taxfilerstat,0.6627214153688807
