detailedhouseholdandfamilystat,0.8868311508842797
detailedhouseholdsummaryinhousehold,0.9880685909206837
detailedindustryrecode,0.7692849652262268
familymembersunder18,0.7469373871269708
majorindustrycode,0.984126526122937
majoroccupationcode,0.9897955460960102
maritalstat,0.6713154673897463
taxfilerstat,0.7488759309611273
