liveinthishouse1yearago,0.9967880004281523
migrationcodechangeinmsa,0.7034065274061233
migrationcodechangeinreg,0.9008941839249102
migrationcodemovewithinreg,0.9643697617715267
taxfilerstat,0.6011527831625088
