detailedhouseholdandfamilystat,0.8796861565012978
detailedhouseholdsummaryinhousehold,0.9807064298529917
detailedindustryrecode,0.7945774335760566
detailedoccupationrecode,0.6413619832031623
familymembersunder18,0.803457193531658
majorindustrycode,0.9740143928279369
majoroccupationcode,0.9714692649643965
taxfilerstat,0.6932151203941636
