detailedhouseholdandfamilystat,0.8660574425494684
detailedhouseholdsummaryinhousehold,0.9903744907696846
familymembersunder18,0.7258993425977854
maritalstat,0.6747046615466548
taxfilerstat,0.768155332371713
