countryofbirthfather,0.6491489804345316
countryofbirthmother,0.6535314821989626
liveinthishouse1yearago,1.0000000000000002
migrationcodechangeinmsa,0.7607233868849902
migrationcodechangeinreg,0.9207695747524873
migrationcodemovewithinreg,0.9987826421016601
migrationprevresinsunbelt,0.9630498050456722
regionofpreviousresidence,0.995767480400507
veteransbenefits,0.8977368980846184
