detailedhouseholdandfamilystat,0.8826136045467173
detailedhouseholdsummaryinhousehold,0.9737569232088354
detailedindustryrecode,0.7697462675231205
detailedoccupationrecode,0.6232979604659923
familymembersunder18,0.7986857307725022
majorindustrycode,0.9821679650412806
majoroccupationcode,0.9866968269542149
taxfilerstat,0.6814432855609003
