detailedindustryrecode,0.7836528820043438
detailedoccupationrecode,0.6395988104675
familymembersunder18,0.7750349592248295
majorindustrycode,0.982475738943372
majoroccupationcode,0.9790274117991348
taxfilerstat,0.6937781360356564
