liveinthishouse1yearago,0.9994433677782654
migrationcodechangeinmsa,0.789050119751466
migrationcodechangeinreg,0.7581674652480624
taxfilerstat,0.666448722544425
