detailedindustryrecode,0.7729653692614482
familymembersunder18,0.7567022169565933
liveinthishouse1yearago,0.9992659800407542
majorindustrycode,0.9856115740581964
migrationcodechangeinmsa,0.7910019000793774
migrationcodemovewithinreg,0.7695797050414682
