liveinthishouse1yearago,0.9984943530006704
maritalstat,0.6193688632832168
taxfilerstat,0.6745376685522487
