detailedhouseholdandfamilystat,0.878191560668957
detailedhouseholdsummaryinhousehold,0.9776535458994746
detailedindustryrecode,0.7670787375071074
detailedoccupationrecode,0.6221297999181122
familymembersunder18,0.7999833920393348
majorindustrycode,0.9858885673674062
majoroccupationcode,0.9863827594696601
taxfilerstat,0.6775651619936862
