PS_SUPPKEY,0.764826
S_ADDRESS,0.765285
S_COMMENT,0.768789
S_NAME,0.765455
