PS_SUPPKEY,0.755942
S_ADDRESS,0.756816
S_COMMENT,0.761788
S_NAME,0.757431
