detailedindustryrecode,0.7521026338157196
liveinthishouse1yearago,0.9998063449894072
majorindustrycode,0.9458169821419213
migrationcodechangeinmsa,0.7465979893239094
migrationcodechangeinreg,0.926147318159693
migrationcodemovewithinreg,0.9983825619076653
migrationprevresinsunbelt,0.9634382034160095
regionofpreviousresidence,0.9981340794550648
