detailedhouseholdandfamilystat,0.883003474782651
detailedhouseholdsummaryinhousehold,0.9766291782429327
familymembersunder18,0.751409158459924
maritalstat,0.6433543844829521
taxfilerstat,0.7060476266192192
