migrationcodechangeinmsa,0.7009802184132585
migrationcodemovewithinreg,0.6937786282382167
taxfilerstat,0.6246816992460962
