detailedhouseholdandfamilystat,0.8498577452770081
detailedhouseholdsummaryinhousehold,0.9927837726860014
familymembersunder18,0.6821925111197903
maritalstat,0.60935056807995
taxfilerstat,0.6797874901139384
