detailedindustryrecode,0.7531761504977175
liveinthishouse1yearago,0.9995142873547403
majorindustrycode,0.9774760413733548
migrationcodechangeinmsa,0.7386536587317266
migrationcodechangeinreg,0.9233037980632179
migrationcodemovewithinreg,0.9965551396434944
migrationprevresinsunbelt,0.9498600672442541
regionofpreviousresidence,0.9658537314975043
veteransbenefits,0.7627505949982484
