liveinthishouse1yearago,0.9811773400211141
maritalstat,0.6284879860614897
taxfilerstat,0.6757006424642618
