detailedhouseholdandfamilystat,0.8750355091784479
detailedhouseholdsummaryinhousehold,0.9565285880356877
detailedindustryrecode,0.8084415421365329
familymembersunder18,0.6874404590653583
majorindustrycode,0.9796427693374565
migrationcodechangeinmsa,0.7477160084956485
migrationcodechangeinreg,0.9245762198138129
migrationcodemovewithinreg,0.9185964463662057
taxfilerstat,0.6629029766240966
