detailedhouseholdandfamilystat,0.8632946143110873
detailedhouseholdsummaryinhousehold,0.9498772201826134
detailedindustryrecode,0.7864667397093503
detailedoccupationrecode,0.6754547615976306
familymembersunder18,0.7031565469217346
majorindustrycode,0.9573121128698474
majoroccupationcode,0.9483268306847854
taxfilerstat,0.6626827138726878
