detailedhouseholdandfamilystat,0.8546351124850707
detailedhouseholdsummaryinhousehold,0.9400897572471868
detailedindustryrecode,0.783845083848823
detailedoccupationrecode,0.6853015514166534
familymembersunder18,0.6975939595967193
majorindustrycode,0.9587821456534941
majoroccupationcode,0.9527666856864232
migrationcodechangeinmsa,0.7237416160525146
migrationcodemovewithinreg,0.7006996507663651
taxfilerstat,0.6686447259076156
