detailedindustryrecode,0.7589624517150637
majorindustrycode,0.9902217600355676
maritalstat,0.6543775752802783
taxfilerstat,0.7459938317216703
