countryofbirthfather,0.7479151946277511
countryofbirthmother,0.7453087720749405
hispanicorigin,0.6632343577038545
memberofalaborunion,0.6815193036136175
migrationcodechangeinmsa,0.6962387559463379
migrationcodechangeinreg,0.9098572256358106
migrationcodemovewithinreg,0.9010399277274218
taxfilerstat,0.6179873884212035
