detailedindustryrecode,0.8082624264940105
detailedoccupationrecode,0.7035138807249124
familymembersunder18,0.6682449436085178
majorindustrycode,0.9612249442018413
majoroccupationcode,0.9518820440789263
migrationcodechangeinmsa,0.7356932225911215
migrationcodemovewithinreg,0.7228067402286237
taxfilerstat,0.6829720199425259
