detailedhouseholdandfamilystat,0.8716081764359723
detailedhouseholdsummaryinhousehold,0.9577621015008333
detailedindustryrecode,0.7744987124735732
detailedoccupationrecode,0.658788048661606
familymembersunder18,0.7098099866714125
majorindustrycode,0.9559758134800085
majoroccupationcode,0.9480910874903532
taxfilerstat,0.6686237455878332
