liveinthishouse1yearago,0.9123287671232876
regionofpreviousresidence,0.982675189948457
