detailedindustryrecode,0.7782131932413581
familymembersunder18,0.7245194370872576
majorindustrycode,0.9745391455444782
maritalstat,0.6715636205247455
migrationcodechangeinreg,0.9140661954538808
migrationcodemovewithinreg,0.9119755088242782
taxfilerstat,0.6951535068025411
