countryofbirthfather,0.6016636558180588
countryofbirthmother,0.607546430428237
liveinthishouse1yearago,1.0000000000000002
migrationcodechangeinmsa,0.7103652040167947
migrationcodechangeinreg,0.9206917212720938
migrationcodemovewithinreg,0.9971057929119079
migrationprevresinsunbelt,0.9607365186336438
regionofpreviousresidence,0.9917630642507362
veteransbenefits,0.6811975437058055
