detailedhouseholdandfamilystat,0.8886405227592842
detailedhouseholdsummaryinhousehold,0.953363090008075
detailedindustryrecode,0.7625167278858265
detailedoccupationrecode,0.6563725728810671
familymembersunder18,0.7515817243654906
majorindustrycode,0.9593909068902261
majoroccupationcode,0.9553001616591387
maritalstat,0.6808687681773113
taxfilerstat,0.7781446376824673
