detailedindustryrecode,0.7783689752898667
detailedoccupationrecode,0.6745693779931379
majorindustrycode,0.9626756462357567
majoroccupationcode,0.959211814013322
taxfilerstat,0.657769396661995
