detailedhouseholdandfamilystat,0.8349856722477136
detailedhouseholdsummaryinhousehold,0.9910843576012794
maritalstat,0.6166204942293545
taxfilerstat,0.6630870305563686
