detailedindustryrecode,0.7546339754537361
liveinthishouse1yearago,0.9991381148108324
majorindustrycode,0.9906864122769055
migrationcodechangeinmsa,0.7457889936990241
migrationprevresinsunbelt,0.9518845311469115
regionofpreviousresidence,0.9706634221800015
