countryofbirthfather,0.6317107776322853
liveinthishouse1yearago,0.9999999999999998
migrationcodechangeinmsa,0.7686938036762996
migrationcodechangeinreg,0.9257488320590173
migrationcodemovewithinreg,0.9444293257462091
taxfilerstat,0.640599541630968
veteransbenefits,0.8645710813549983
