detailedhouseholdandfamilystat,0.8476814295170445
detailedhouseholdsummaryinhousehold,0.9895711905963486
familymembersunder18,0.692386570210622
maritalstat,0.6488071851396349
taxfilerstat,0.7239665070712834
