detailedindustryrecode,0.7317707060012384
majorindustrycode,0.9897986481084451
majoroccupationcode,0.9962072759868664
