liveinthishouse1yearago,0.9975883178080446
migrationcodechangeinmsa,0.7742244561585722
regionofpreviousresidence,0.9773356985789685
taxfilerstat,0.6352217819183903
