detailedhouseholdandfamilystat,0.8591889464631078
detailedhouseholdsummaryinhousehold,0.9862270138589811
familymembersunder18,0.7483462907207017
majoroccupationcode,0.9865058366553461
migrationcodechangeinmsa,0.7816336272758446
migrationcodechangeinreg,0.9174585528673513
migrationcodemovewithinreg,0.9096186707332973
taxfilerstat,0.6258267824663499
