detailedindustryrecode,0.743849903641652
majorindustrycode,0.9980257843677697
