memberofalaborunion,0.6102196887219363
migrationcodechangeinmsa,0.752578398309796
migrationcodemovewithinreg,0.7296048727756644
