liveinthishouse1yearago,0.9988524625946443
migrationcodechangeinreg,0.8075892957887267
migrationcodemovewithinreg,0.7748090148808501
