memberofalaborunion,0.6607856186853742
taxfilerstat,0.6180757136158227
veteransbenefits,0.706362734092766
