migrationcodechangeinmsa,0.7654233646126241
migrationcodechangeinreg,0.7491030889086759
taxfilerstat,0.6506883885273912
