detailedhouseholdandfamilystat,0.882492429222967
detailedhouseholdsummaryinhousehold,0.9861477627325669
detailedindustryrecode,0.7920336747313323
detailedoccupationrecode,0.6382812531558802
familymembersunder18,0.7968934476835284
majorindustrycode,0.9833398135603608
majoroccupationcode,0.983361578540109
taxfilerstat,0.6918673518936492
