detailedhouseholdandfamilystat,0.8840477378215623
detailedhouseholdsummaryinhousehold,0.976636436079985
detailedindustryrecode,0.7777298747640139
detailedoccupationrecode,0.6181886919276378
familymembersunder18,0.7221771039473104
majorindustrycode,0.9723063200247627
majoroccupationcode,0.9770129423774667
maritalstat,0.6995417487029713
migrationcodechangeinmsa,0.7920245370122587
migrationcodemovewithinreg,0.7625500873826946
taxfilerstat,0.7664306530434786
