countryofbirthfather,0.6362333635917113
countryofbirthmother,0.6528551056850541
veteransbenefits,0.8311310412974943
