liveinthishouse1yearago,0.9998288120799893
migrationcodechangeinmsa,0.6593802919199593
migrationprevresinsunbelt,0.9530673994043909
veteransbenefits,0.7757325053053682
